customer_id,age,gender,signup_date
1,56,Female,2020-12-13
2,69,Male,2021-09-18
3,46,Male,2021-09-21
4,32,Male,2020-12-29
5,60,Male,2020-11-16
6,25,Male,2020-10-12
7,38,Male,2020-05-28
8,56,Male,2021-02-09
9,36,Male,2022-09-04
10,40,Female,2021-03-31
11,28,Female,2022-03-10
12,28,Female,2022-10-09
13,41,Female,2022-02-22
14,53,Female,2021-04-04
15,57,Male,2022-01-07
16,41,Female,2021-05-23
17,20,Female,2021-04-25
18,39,Female,2020-04-23
19,19,Male,2022-01-18
20,41,Male,2020-12-26
21,61,Male,2020-12-06
22,47,Male,2022-02-08
23,55,Female,2022-01-30
24,19,Female,2022-08-26
25,38,Male,2021-03-24
26,50,Other,2022-04-14
27,29,Female,2020-11-06
28,39,Male,2020-09-18
29,61,Male,2021-02-09
30,42,Male,2020-05-22
31,66,Male,2020-12-07
32,44,Male,2020-08-31
33,59,Male,2021-05-04
34,45,Male,2020-01-12
35,33,Male,2021-07-14
36,32,Female,2020-02-11
37,64,Male,2021-11-08
38,68,Female,2021-08-16
39,61,Male,2020-05-13
40,69,Other,2022-12-26
41,20,Male,2022-10-27
42,54,Male,2022-08-05
43,68,Other,2020-03-13
44,24,Female,2021-02-02
45,38,Female,2021-07-31
46,26,Male,2022-05-08
47,56,Male,2020-05-09
48,35,Female,2022-07-19
49,21,Female,2020-09-22
50,42,Female,2022-03-03
51,31,Female,2020-09-09
52,67,Male,2022-04-01
53,26,Female,2020-06-12
54,43,Male,2020-04-04
55,19,Male,2022-04-12
56,37,Male,2020-12-01
57,45,Female,2022-04-01
58,64,Male,2020-08-25
59,24,Male,2021-01-15
60,61,Female,2022-06-17
61,25,Male,2021-04-27
62,64,Female,2022-06-20
63,52,Male,2022-11-14
64,31,Female,2021-04-26
65,34,Female,2022-07-05
66,53,Male,2022-09-20
67,67,Male,2022-08-21
68,57,Male,2021-06-20
69,21,Male,2022-11-01
70,19,Other,2020-05-07
71,23,Male,2020-04-01
72,59,Female,2021-06-26
73,21,Male,2022-04-25
74,46,Female,2022-09-15
75,35,Female,2021-03-22
76,43,Female,2021-01-24
77,61,Male,2021-11-02
78,51,Male,2020-02-12
79,27,Male,2020-09-10
80,53,Female,2022-12-19
81,31,Female,2021-10-24
82,48,Other,2021-04-11
83,65,Male,2020-10-13
84,32,Female,2022-10-07
85,25,Female,2022-02-16
86,31,Male,2020-12-10
87,40,Male,2021-10-03
88,57,Female,2021-01-16
89,38,Female,2021-11-20
90,33,Female,2022-12-15
91,62,Male,2021-04-01
92,35,Female,2022-09-09
93,64,Male,2020-03-23
94,41,Male,2020-05-28
95,43,Male,2020-07-08
96,42,Female,2022-06-01
97,62,Female,2020-09-19
98,58,Female,2021-02-03
99,46,Male,2022-02-02
100,32,Female,2021-08-31
101,62,Male,2022-02-23
102,18,Female,2020-04-10
103,42,Male,2022-03-30
104,24,Male,2022-03-30
105,26,Male,2021-02-23
106,41,Male,2020-05-03
107,18,Female,2021-02-25
108,61,Female,2022-12-22
109,25,Male,2022-02-06
110,41,Female,2021-04-27
111,28,Male,2021-06-02
112,68,Female,2020-06-03
113,34,Female,2020-04-01
114,25,Female,2022-09-08
115,52,Male,2021-03-30
116,52,Female,2021-08-20
117,50,Female,2021-05-24
118,22,Male,2021-01-20
119,59,Male,2021-02-08
120,56,Female,2020-09-02
121,58,Female,2022-01-11
122,45,Female,2021-10-22
123,24,Female,2021-10-11
124,26,Female,2022-06-19
125,25,Male,2020-03-05
126,29,Male,2022-11-02
127,51,Male,2020-07-31
128,50,Female,2020-08-29
129,65,Male,2021-05-07
130,40,Female,2020-12-03
131,41,Female,2020-06-21
132,54,Female,2021-11-02
133,52,Male,2020-06-12
134,61,Female,2021-04-09
135,57,Male,2022-09-21
136,39,Female,2021-05-11
137,44,Male,2021-11-30
138,52,Male,2021-01-29
139,18,Female,2021-12-03
140,52,Male,2020-11-03
141,54,Male,2020-07-01
142,64,Female,2021-09-20
143,31,Female,2021-05-24
144,20,Female,2021-06-29
145,18,Female,2021-09-15
146,22,Female,2021-08-16
147,43,Male,2022-01-13
148,31,Male,2021-07-07
149,56,Male,2020-01-21
150,44,Female,2021-07-07
151,26,Female,2021-01-31
152,32,Male,2021-09-16
153,32,Male,2020-04-14
154,43,Female,2020-07-10
155,59,Male,2020-01-17
156,30,Female,2021-01-27
157,68,Female,2021-02-28
158,49,Female,2020-05-08
159,56,Male,2021-07-25
160,66,Female,2020-01-29
161,69,Female,2022-10-30
162,49,Female,2020-08-29
163,21,Female,2020-08-19
164,47,Female,2022-02-27
165,54,Female,2021-12-15
166,40,Male,2022-01-28
167,56,Female,2022-03-12
168,62,Female,2022-02-14
169,32,Male,2021-12-26
170,60,Female,2020-07-18
171,46,Female,2022-08-02
172,53,Female,2020-03-19
173,30,Male,2022-08-13
174,49,Male,2022-05-05
175,24,Other,2021-04-11
176,68,Female,2021-08-03
177,39,Male,2022-07-28
178,45,Female,2021-03-24
179,19,Female,2020-03-27
180,59,Female,2020-04-10
181,62,Female,2022-10-28
182,23,Male,2022-04-24
183,45,Male,2020-03-27
184,45,Male,2020-02-12
185,61,Female,2021-02-11
186,61,Male,2021-10-25
187,37,Male,2022-11-06
188,47,Male,2020-05-27
189,28,Female,2020-10-03
190,45,Female,2020-08-19
191,42,Male,2020-12-31
192,56,Male,2021-03-11
193,50,Female,2021-02-02
194,18,Male,2021-05-13
195,44,Male,2021-06-23
196,69,Male,2021-07-16
197,30,Male,2021-03-17
198,58,Male,2022-02-11
199,20,Female,2020-12-15
200,56,Male,2021-06-03
201,23,Female,2020-05-17
202,25,Male,2022-09-18
203,44,Female,2021-01-02
204,26,Female,2020-12-25
205,54,Male,2022-07-09
206,50,Female,2020-11-24
207,68,Male,2022-08-19
208,59,Other,2021-04-07
209,61,Male,2022-08-03
210,41,Male,2022-08-20
211,32,Male,2022-04-15
212,49,Other,2020-06-17
213,49,Female,2020-08-04
214,41,Female,2021-01-12
215,58,Male,2020-04-28
216,69,Female,2020-07-08
217,66,Male,2022-02-05
218,66,Female,2021-01-04
219,69,Male,2020-05-28
220,29,Male,2021-10-13
221,56,Male,2022-02-08
222,19,Male,2021-01-08
223,20,Female,2022-02-19
224,66,Male,2020-06-08
225,54,Female,2020-12-16
226,66,Male,2022-06-10
227,34,Female,2021-06-06
228,66,Male,2021-06-05
229,19,Male,2022-02-21
230,19,Female,2020-09-29
231,45,Male,2022-07-24
232,40,Male,2020-07-01
233,54,Female,2021-05-02
234,49,Female,2022-04-25
235,50,Male,2020-05-03
236,18,Male,2022-09-11
237,36,Female,2022-02-28
238,19,Male,2021-02-17
239,61,Male,2021-11-16
240,43,Male,2020-04-22
241,49,Female,2022-06-06
242,23,Female,2020-05-01
243,49,Male,2020-02-08
244,21,Male,2021-05-11
245,28,Male,2022-02-18
246,34,Female,2022-07-31
247,55,Male,2020-05-28
248,41,Male,2022-10-18
249,22,Female,2021-10-22
250,69,Male,2020-10-28
251,51,Female,2020-08-25
252,23,Male,2021-10-08
253,39,Male,2021-10-24
254,28,Male,2020-08-23
255,65,Female,2020-07-21
256,33,Female,2020-09-12
257,50,Female,2021-08-20
258,26,Male,2021-10-23
259,23,Female,2020-08-22
260,33,Male,2021-06-17
261,46,Male,2022-05-09
262,20,Female,2022-02-08
263,37,Male,2021-06-24
264,53,Male,2020-07-31
265,36,Male,2021-04-07
266,43,Male,2021-03-11
267,20,Male,2020-10-09
268,36,Female,2020-03-28
269,37,Male,2022-12-03
270,49,Female,2021-04-05
271,24,Female,2020-10-04
272,69,Male,2021-02-24
273,58,Male,2021-11-26
274,50,Male,2021-05-29
275,57,Female,2021-12-03
276,56,Male,2020-01-19
277,35,Female,2020-01-23
278,57,Male,2021-02-16
279,18,Female,2022-11-19
280,28,Male,2020-04-17
281,45,Male,2020-05-15
282,42,Female,2020-12-27
283,67,Female,2020-05-08
284,40,Male,2021-05-29
285,48,Female,2021-03-24
286,47,Female,2022-05-23
287,59,Female,2021-04-17
288,52,Female,2022-10-30
289,24,Male,2020-10-28
290,33,Male,2020-08-18
291,43,Male,2022-07-11
292,65,Female,2022-12-25
293,69,Female,2022-07-25
294,66,Male,2020-04-21
295,19,Male,2022-11-02
296,18,Female,2021-05-14
297,65,Other,2022-07-20
298,29,Female,2021-08-20
299,22,Male,2020-08-21
300,54,Male,2021-08-24
301,49,Male,2020-11-09
302,26,Female,2021-07-19
303,58,Male,2022-11-01
304,52,Female,2020-07-27
305,36,Male,2022-11-03
306,65,Female,2022-11-09
307,33,Female,2021-08-09
308,20,Female,2022-10-11
309,37,Male,2022-12-29
310,41,Male,2021-11-28
311,50,Male,2020-05-11
312,41,Female,2022-11-09
313,69,Female,2021-06-19
314,28,Female,2022-10-10
315,66,Female,2020-08-14
316,25,Female,2022-04-01
317,53,Male,2022-05-20
318,55,Female,2021-02-08
319,57,Male,2020-07-20
320,37,Male,2020-02-07
321,52,Female,2022-07-30
322,65,Male,2020-07-06
323,42,Male,2022-12-16
324,52,Female,2022-07-29
325,42,Male,2022-11-09
326,46,Female,2020-09-29
327,35,Male,2021-08-05
328,63,Male,2021-05-30
329,35,Male,2021-06-09
330,19,Male,2020-12-01
331,52,Female,2021-11-28
332,33,Male,2022-12-14
333,58,Female,2021-05-14
334,53,Male,2022-06-18
335,50,Female,2022-02-04
336,21,Female,2021-06-19
337,50,Female,2020-06-10
338,31,Male,2021-08-16
339,38,Male,2020-06-07
340,65,Male,2020-02-29
341,37,Female,2022-07-03
342,25,Male,2020-07-29
343,24,Female,2021-02-09
344,20,Female,2021-10-25
345,34,Male,2021-06-25
346,50,Female,2022-09-24
347,65,Male,2022-07-15
348,29,Male,2022-05-17
349,68,Female,2020-01-19
350,39,Female,2021-03-07
351,39,Female,2022-01-09
352,63,Male,2020-07-01
353,47,Male,2020-04-22
354,55,Female,2021-04-25
355,55,Female,2022-04-10
356,62,Female,2022-02-01
357,68,Male,2021-04-20
358,25,Female,2022-02-01
359,44,Male,2022-08-28
360,44,Male,2022-10-16
361,51,Female,2020-06-09
362,38,Male,2021-02-04
363,47,Female,2020-07-16
364,50,Male,2021-10-21
365,45,Male,2022-12-06
366,64,Female,2021-02-02
367,50,Female,2020-03-18
368,22,Female,2020-05-03
369,65,Female,2020-03-15
370,36,Female,2020-05-16
371,21,Female,2021-08-24
372,52,Female,2022-04-16
373,66,Male,2021-05-14
374,34,Female,2020-05-17
375,61,Male,2020-02-19
376,45,Other,2022-08-30
377,47,Female,2020-09-10
378,46,Male,2021-12-10
379,63,Female,2021-07-16
380,23,Female,2022-01-26
381,52,Male,2021-06-30
382,58,Female,2022-07-10
383,54,Female,2021-08-03
384,41,Male,2020-02-18
385,46,Female,2022-07-05
386,66,Male,2021-12-04
387,63,Female,2020-09-17
388,48,Other,2020-12-21
389,52,Female,2021-09-29
390,50,Male,2022-01-12
391,69,Female,2022-10-06
392,38,Female,2022-07-19
393,49,Male,2021-10-02
394,40,Female,2022-03-02
395,50,Male,2021-09-03
396,20,Female,2022-03-19
397,35,Male,2021-11-16
398,42,Male,2020-07-06
399,59,Male,2022-09-11
400,48,Female,2021-07-01
401,20,Male,2021-12-25
402,57,Female,2022-07-14
403,63,Male,2022-05-25
404,41,Male,2021-09-09
405,67,Female,2021-02-17
406,49,Female,2022-06-21
407,64,Male,2020-06-11
408,39,Female,2020-09-26
409,40,Female,2021-09-23
410,19,Female,2022-06-24
411,44,Male,2020-07-23
412,59,Male,2021-08-04
413,19,Female,2022-04-20
414,43,Male,2021-08-18
415,34,Female,2020-09-06
416,57,Female,2022-05-24
417,50,Female,2020-07-14
418,26,Female,2021-11-20
419,60,Other,2022-12-29
420,65,Male,2021-09-30
421,56,Female,2021-11-02
422,46,Male,2022-08-01
423,59,Male,2020-07-17
424,43,Female,2021-05-06
425,52,Female,2022-06-14
426,67,Other,2020-05-21
427,42,Female,2020-06-13
428,41,Male,2020-11-09
429,30,Male,2020-01-21
430,24,Female,2022-09-10
431,53,Male,2020-10-31
432,62,Male,2021-01-05
433,37,Male,2022-05-02
434,18,Male,2021-01-18
435,25,Male,2021-03-20
436,63,Male,2021-02-28
437,33,Male,2020-06-09
438,31,Male,2021-09-20
439,29,Other,2022-06-13
440,68,Male,2021-05-04
441,40,Male,2022-10-13
442,32,Female,2020-11-22
443,45,Male,2021-08-20
444,51,Female,2022-10-11
445,19,Female,2020-10-15
446,49,Male,2021-08-15
447,40,Male,2021-07-26
448,39,Female,2020-01-28
449,68,Female,2022-08-11
450,42,Male,2020-02-12
451,39,Female,2021-02-26
452,39,Male,2020-06-25
453,66,Other,2021-06-12
454,69,Male,2022-08-23
455,59,Female,2020-07-16
456,23,Female,2021-09-01
457,32,Female,2022-04-21
458,60,Female,2022-05-02
459,54,Male,2020-01-22
460,50,Male,2022-12-16
461,25,Male,2022-12-25
462,61,Male,2022-04-21
463,61,Female,2020-04-07
464,22,Male,2021-03-10
465,56,Male,2021-09-28
466,21,Other,2021-08-10
467,23,Female,2020-12-09
468,62,Female,2021-07-24
469,49,Other,2021-09-02
470,69,Male,2020-08-30
471,47,Male,2021-07-14
472,64,Female,2022-08-17
473,52,Female,2020-02-01
474,57,Male,2021-01-25
475,69,Female,2020-10-03
476,33,Male,2021-06-15
477,30,Male,2021-01-17
478,67,Female,2022-12-27
479,59,Female,2022-06-02
480,47,Female,2020-08-01
481,36,Male,2021-01-10
482,34,Female,2022-01-13
483,36,Male,2020-07-31
484,45,Male,2020-03-19
485,43,Female,2021-09-19
486,54,Female,2021-08-26
487,43,Female,2022-02-20
488,40,Female,2022-09-27
489,26,Female,2021-11-10
490,29,Female,2020-02-27
491,18,Male,2022-11-15
492,18,Male,2022-05-30
493,64,Male,2021-03-22
494,51,Male,2020-03-06
495,49,Female,2022-12-03
496,65,Female,2022-10-08
497,42,Male,2020-08-14
498,57,Male,2022-02-12
499,62,Female,2021-11-09
500,18,Male,2021-08-23
501,33,Female,2021-01-13
502,56,Female,2021-12-09
503,22,Female,2020-11-02
504,39,Female,2022-02-17
505,46,Female,2021-05-18
506,20,Male,2020-09-24
507,29,Female,2020-01-08
508,43,Female,2021-05-22
509,33,Male,2021-04-20
510,68,Female,2020-06-12
511,54,Female,2021-04-29
512,39,Female,2021-07-20
513,46,Female,2022-06-23
514,31,Female,2021-07-12
515,45,Female,2020-08-25
516,22,Female,2021-07-07
517,64,Female,2022-04-07
518,66,Female,2021-04-12
519,47,Female,2021-01-20
520,63,Female,2022-02-13
521,69,Male,2022-04-27
522,22,Female,2021-01-21
523,29,Female,2022-05-26
524,33,Male,2020-09-15
525,43,Female,2020-10-09
526,43,Male,2020-02-09
527,65,Male,2021-04-30
528,38,Female,2022-07-17
529,56,Male,2020-08-07
530,53,Female,2022-10-11
531,50,Female,2022-10-20
532,47,Female,2021-09-04
533,54,Male,2022-07-16
534,40,Male,2021-11-18
535,27,Female,2021-09-04
536,22,Other,2020-09-16
537,53,Female,2022-09-16
538,51,Male,2022-08-23
539,69,Female,2020-12-31
540,48,Female,2021-06-27
541,27,Female,2021-10-10
542,36,Male,2022-03-24
543,49,Female,2022-11-05
544,18,Female,2021-07-28
545,22,Other,2022-10-09
546,62,Male,2021-10-31
547,21,Female,2020-09-25
548,33,Female,2022-07-12
549,41,Male,2020-09-03
550,33,Female,2020-05-10
551,19,Female,2020-12-18
552,66,Male,2020-07-14
553,45,Male,2022-07-18
554,49,Female,2022-10-18
555,44,Male,2021-10-06
556,37,Female,2020-08-14
557,41,Male,2021-12-01
558,29,Female,2020-09-21
559,67,Male,2021-10-07
560,52,Female,2020-07-29
561,50,Other,2022-07-31
562,50,Other,2021-04-01
563,68,Female,2021-12-25
564,60,Male,2022-09-08
565,54,Female,2021-08-10
566,29,Male,2021-04-20
567,20,Male,2022-09-12
568,18,Male,2020-06-04
569,50,Female,2020-07-08
570,57,Female,2022-09-07
571,27,Female,2021-06-29
572,60,Male,2020-02-10
573,61,Male,2020-11-02
574,46,Other,2022-07-31
575,30,Male,2020-12-03
576,29,Male,2022-08-10
577,48,Male,2020-10-05
578,63,Female,2022-06-14
579,19,Female,2020-09-29
580,68,Male,2022-04-16
581,67,Male,2021-09-11
582,52,Female,2022-05-11
583,40,Female,2022-07-19
584,34,Male,2020-10-15
585,43,Female,2021-12-24
586,25,Male,2022-06-11
587,46,Male,2020-09-28
588,43,Female,2022-12-25
589,27,Male,2021-04-27
590,43,Female,2022-07-24
591,51,Male,2020-09-04
592,68,Male,2020-06-04
593,58,Other,2022-12-06
594,24,Male,2021-03-29
595,21,Female,2020-07-19
596,67,Male,2020-05-03
597,62,Male,2020-01-01
598,28,Male,2022-08-25
599,46,Female,2022-05-04
600,53,Male,2021-10-01
601,42,Female,2020-07-09
602,38,Male,2021-05-30
603,53,Other,2021-03-17
604,27,Male,2020-05-22
605,54,Female,2021-06-16
606,26,Female,2020-08-14
607,41,Female,2022-08-06
608,52,Female,2021-04-04
609,66,Female,2021-07-04
610,52,Female,2021-01-27
611,65,Male,2022-04-24
612,53,Male,2020-07-28
613,35,Female,2021-10-07
614,66,Female,2020-08-06
615,56,Female,2021-02-10
616,49,Female,2022-06-06
617,41,Male,2021-07-11
618,40,Male,2021-07-03
619,49,Female,2020-05-21
620,54,Male,2021-09-03
621,29,Male,2021-05-15
622,66,Female,2022-04-19
623,30,Male,2021-12-02
624,40,Female,2021-08-18
625,42,Male,2020-10-07
626,52,Female,2021-02-27
627,58,Male,2022-05-05
628,47,Male,2020-09-26
629,34,Male,2020-06-02
630,66,Male,2021-09-05
631,37,Male,2021-10-23
632,65,Male,2020-03-23
633,42,Female,2022-08-04
634,39,Male,2022-06-17
635,30,Female,2020-10-10
636,36,Female,2022-09-06
637,66,Female,2020-06-21
638,53,Male,2022-12-22
639,29,Female,2022-02-01
640,58,Male,2021-09-24
641,36,Male,2022-02-25
642,29,Other,2022-07-31
643,26,Male,2022-10-08
644,24,Female,2021-02-01
645,45,Female,2022-07-22
646,31,Female,2021-11-06
647,48,Female,2022-07-24
648,69,Male,2021-04-09
649,36,Male,2020-10-12
650,64,Female,2020-09-21
651,33,Male,2020-11-15
652,22,Male,2021-11-03
653,52,Male,2022-03-30
654,29,Male,2020-03-29
655,42,Male,2022-03-31
656,69,Male,2022-09-27
657,38,Female,2020-11-29
658,53,Female,2020-08-09
659,40,Female,2020-02-10
660,33,Male,2020-03-08
661,56,Male,2022-09-14
662,62,Male,2021-05-28
663,59,Female,2021-11-25
664,56,Female,2022-11-05
665,31,Male,2021-04-21
666,48,Female,2022-12-21
667,22,Male,2022-05-30
668,52,Female,2021-03-07
669,40,Female,2020-09-24
670,46,Female,2022-11-24
671,60,Female,2022-02-17
672,28,Female,2021-05-08
673,35,Male,2021-10-22
674,64,Female,2022-10-09
675,29,Male,2022-11-24
676,26,Female,2022-09-03
677,27,Female,2021-04-26
678,61,Female,2021-12-28
679,34,Male,2021-04-24
680,55,Female,2022-12-24
681,24,Female,2022-10-28
682,63,Female,2020-12-08
683,30,Male,2020-11-27
684,57,Male,2021-03-13
685,59,Male,2020-06-22
686,26,Male,2021-07-12
687,67,Female,2021-06-10
688,44,Male,2021-10-20
689,19,Other,2020-01-26
690,22,Male,2022-03-30
691,46,Male,2021-08-27
692,54,Female,2021-02-09
693,55,Female,2020-08-19
694,36,Female,2021-06-16
695,25,Female,2021-05-19
696,65,Female,2020-06-27
697,62,Male,2020-05-11
698,18,Other,2020-12-13
699,39,Other,2021-06-23
700,69,Female,2022-02-10
701,34,Male,2020-03-16
702,24,Female,2021-08-01
703,42,Male,2022-05-03
704,62,Male,2020-07-12
705,21,Male,2020-12-12
706,53,Male,2022-08-08
707,23,Female,2020-08-01
708,48,Female,2021-07-26
709,36,Female,2022-02-18
710,61,Male,2020-09-18
711,56,Male,2021-12-30
712,44,Male,2020-10-09
713,27,Other,2020-12-27
714,43,Male,2021-03-16
715,36,Female,2020-04-02
716,56,Female,2022-01-22
717,20,Male,2022-05-16
718,62,Female,2020-05-21
719,30,Female,2022-01-18
720,67,Female,2021-10-14
721,45,Female,2021-12-01
722,37,Male,2022-09-24
723,45,Male,2020-02-18
724,25,Female,2022-05-30
725,58,Female,2021-07-08
726,56,Male,2021-02-07
727,18,Female,2022-06-10
728,20,Female,2022-05-14
729,30,Female,2021-08-24
730,45,Male,2020-12-06
731,66,Female,2021-12-04
732,42,Female,2020-11-13
733,50,Male,2021-09-09
734,55,Male,2021-01-16
735,23,Other,2020-08-20
736,61,Male,2022-03-27
737,62,Female,2021-07-06
738,49,Female,2022-05-05
739,62,Male,2022-03-29
740,64,Female,2020-07-01
741,38,Male,2022-11-30
742,33,Female,2021-01-31
743,38,Male,2022-02-17
744,28,Female,2022-06-25
745,54,Male,2020-05-06
746,53,Male,2020-01-01
747,52,Other,2020-01-19
748,36,Male,2021-08-06
749,37,Female,2021-03-31
750,35,Male,2022-08-14
751,64,Female,2021-03-20
752,58,Male,2021-08-24
753,66,Other,2020-04-12
754,31,Male,2022-09-14
755,32,Male,2021-06-03
756,48,Male,2022-05-08
757,18,Male,2020-06-22
758,20,Female,2022-10-01
759,33,Male,2021-03-06
760,40,Female,2021-12-27
761,28,Male,2022-04-29
762,29,Male,2022-09-16
763,27,Female,2021-09-30
764,49,Female,2021-02-23
765,33,Male,2021-08-16
766,25,Male,2021-04-29
767,55,Male,2021-02-15
768,29,Female,2022-07-24
769,41,Female,2020-11-27
770,45,Male,2021-10-16
771,25,Female,2020-02-10
772,45,Female,2022-08-16
773,53,Female,2020-04-14
774,43,Female,2020-07-20
775,25,Male,2021-03-25
776,67,Male,2022-06-28
777,45,Male,2020-07-28
778,45,Male,2021-07-16
779,54,Female,2021-12-13
780,58,Female,2022-02-09
781,53,Male,2021-03-29
782,44,Male,2021-10-28
783,34,Male,2021-09-20
784,26,Female,2021-01-21
785,50,Male,2020-10-22
786,37,Female,2020-09-14
787,30,Male,2020-09-24
788,45,Male,2021-02-22
789,65,Other,2020-08-22
790,46,Other,2022-09-12
791,30,Male,2021-07-27
792,63,Female,2020-02-18
793,52,Female,2020-08-10
794,23,Female,2022-07-09
795,35,Male,2020-10-03
796,68,Female,2021-02-23
797,22,Female,2021-09-02
798,64,Female,2021-01-09
799,42,Male,2020-03-13
800,19,Male,2022-11-19
801,27,Male,2020-07-13
802,47,Female,2022-04-26
803,67,Male,2022-11-30
804,62,Female,2022-12-22
805,22,Other,2020-01-23
806,50,Male,2020-12-25
807,18,Female,2021-07-13
808,35,Male,2021-11-02
809,49,Female,2021-11-09
810,64,Male,2021-03-15
811,66,Female,2022-07-21
812,28,Female,2020-01-07
813,38,Female,2021-02-24
814,43,Female,2022-04-12
815,42,Female,2021-07-12
816,39,Female,2022-07-02
817,44,Female,2022-10-03
818,66,Female,2020-05-05
819,30,Male,2021-01-29
820,50,Female,2022-03-27
821,51,Female,2022-05-30
822,58,Female,2021-07-29
823,52,Male,2020-11-20
824,18,Female,2022-07-18
825,38,Male,2022-04-12
826,65,Female,2022-11-20
827,23,Male,2022-04-16
828,45,Female,2022-07-14
829,34,Other,2021-03-18
830,22,Male,2020-03-15
831,48,Other,2021-07-10
832,22,Male,2020-12-28
833,55,Female,2021-03-23
834,20,Female,2020-09-18
835,40,Female,2020-05-04
836,54,Female,2022-06-29
837,54,Female,2020-09-01
838,27,Male,2021-06-25
839,27,Male,2021-04-29
840,36,Female,2020-05-01
841,34,Female,2020-05-04
842,38,Female,2020-06-18
843,31,Female,2020-05-03
844,26,Male,2022-11-24
845,63,Female,2021-10-07
846,18,Male,2022-02-24
847,68,Female,2020-07-19
848,62,Male,2021-01-03
849,30,Male,2022-03-07
850,21,Male,2020-03-17
851,18,Male,2020-02-28
852,66,Female,2021-03-06
853,57,Male,2021-09-29
854,49,Male,2020-04-18
855,51,Male,2022-10-04
856,45,Male,2020-03-08
857,48,Male,2022-12-28
858,25,Male,2020-10-31
859,56,Female,2021-11-04
860,43,Female,2020-12-30
861,51,Female,2022-03-31
862,20,Male,2020-12-08
863,67,Male,2022-08-04
864,29,Female,2022-06-17
865,18,Female,2022-01-31
866,61,Male,2020-12-06
867,22,Male,2022-07-30
868,47,Male,2021-01-17
869,47,Male,2022-09-30
870,34,Male,2020-10-26
871,65,Female,2020-05-18
872,64,Female,2020-12-24
873,40,Female,2022-04-15
874,32,Female,2021-04-27
875,54,Female,2022-06-27
876,38,Female,2022-05-15
877,31,Female,2020-05-18
878,19,Male,2022-09-22
879,28,Male,2021-03-10
880,68,Male,2021-05-23
881,56,Female,2020-09-29
882,55,Female,2020-04-13
883,51,Male,2022-01-31
884,55,Female,2022-02-25
885,67,Male,2020-06-13
886,51,Female,2022-09-25
887,35,Male,2021-06-03
888,47,Male,2021-05-31
889,32,Female,2021-10-18
890,44,Male,2021-09-04
891,68,Male,2020-06-12
892,51,Male,2020-03-04
893,69,Female,2020-09-23
894,55,Female,2020-09-02
895,50,Male,2021-01-29
896,41,Female,2021-04-20
897,32,Female,2022-09-03
898,47,Male,2022-11-09
899,59,Male,2021-07-11
900,68,Male,2022-10-14
901,34,Male,2022-06-01
902,22,Female,2020-05-26
903,46,Male,2021-10-27
904,21,Female,2021-09-11
905,27,Female,2022-03-30
906,34,Male,2022-05-13
907,27,Female,2021-08-04
908,34,Male,2022-10-19
909,37,Other,2021-11-25
910,41,Female,2021-02-10
911,22,Female,2021-02-02
912,51,Female,2021-12-15
913,23,Male,2021-12-04
914,19,Female,2022-01-30
915,30,Female,2021-05-13
916,60,Female,2022-08-31
917,60,Female,2020-03-22
918,65,Female,2021-08-26
919,28,Male,2022-02-10
920,68,Male,2022-06-21
921,64,Female,2020-12-30
922,40,Male,2020-06-11
923,33,Female,2022-12-07
924,48,Female,2021-05-25
925,28,Male,2020-04-25
926,33,Male,2022-07-29
927,25,Female,2020-12-02
928,21,Male,2022-05-30
929,57,Female,2022-01-06
930,21,Male,2022-04-19
931,42,Female,2020-05-26
932,20,Male,2021-03-18
933,49,Female,2022-04-16
934,20,Male,2022-11-02
935,44,Female,2022-07-31
936,46,Male,2020-10-13
937,49,Female,2021-12-20
938,67,Female,2021-04-24
939,68,Male,2020-01-22
940,36,Male,2021-11-13
941,38,Male,2022-06-24
942,22,Female,2020-11-15
943,35,Female,2020-05-05
944,45,Female,2020-10-03
945,59,Male,2020-07-12
946,39,Male,2021-11-26
947,38,Female,2020-02-26
948,23,Female,2020-01-19
949,18,Other,2020-09-20
950,22,Male,2022-03-04
951,58,Female,2020-04-22
952,29,Male,2021-06-25
953,43,Male,2021-10-08
954,63,Female,2021-08-01
955,51,Female,2022-12-24
956,66,Other,2020-01-25
957,31,Male,2020-01-01
958,43,Male,2022-06-29
959,62,Female,2020-05-20
960,44,Female,2021-10-09
961,26,Male,2020-07-06
962,43,Male,2020-07-19
963,64,Male,2020-09-13
964,39,Female,2021-06-30
965,64,Male,2020-07-12
966,47,Male,2021-12-03
967,60,Male,2022-03-12
968,65,Male,2022-07-30
969,34,Male,2021-02-17
970,43,Female,2022-06-28
971,53,Male,2020-07-06
972,18,Female,2020-02-14
973,25,Male,2020-03-23
974,66,Female,2020-12-23
975,52,Female,2022-12-25
976,69,Female,2022-07-24
977,32,Female,2021-01-09
978,64,Male,2020-06-10
979,39,Male,2020-11-17
980,31,Female,2021-03-25
981,43,Other,2022-11-02
982,45,Female,2020-07-02
983,40,Female,2020-04-20
984,31,Female,2021-05-22
985,41,Male,2020-10-21
986,19,Male,2022-06-22
987,62,Female,2022-08-31
988,43,Female,2021-09-23
989,31,Male,2022-11-16
990,68,Female,2022-01-02
991,24,Male,2020-11-16
992,20,Female,2022-07-01
993,64,Male,2021-03-12
994,40,Male,2022-02-19
995,63,Female,2022-12-12
996,60,Male,2021-12-26
997,64,Female,2020-01-31
998,62,Female,2020-12-02
999,35,Female,2020-07-01
1000,55,Male,2022-11-12
